n,original,reconstructed,freq
0,125,5.133514474909389,17.93
1,125,5.672436339780004,17.93
2,125,6.187675999635689,17.93
3,125,6.676671748602278,17.93
4,126,7.136950802565101,17.93
5,125,7.566137970389822,17.93
6,125,7.961964025618668,17.93
7,125,8.322273752814324,17.93
8,125,8.645033643667116,17.93
9,125,8.928339218996053,17.93
10,125,9.17042195385937,17.93
11,126,9.369655784139526,17.93
12,125,9.52456317418218,17.93
13,125,9.633820726339938,17.93
14,125,9.69626431460145,17.93
15,125,9.710893725866267,17.93
16,126,9.676876793855579,17.93
17,125,9.59355301212172,17.93
18,125,9.460436614133496,17.93
19,125,9.277219109963518,17.93
20,125,9.04377127068517,17.93
21,126,8.760144553194957,17.93
22,125,8.426571959807653,17.93
23,303,8.0434683286202,17.93
24,306,7.611430052304029,17.93
25,306,7.13123422465616,17.93
26,306,6.603837215916292,17.93
27,305,6.030372679531613,17.93
28,306,5.412148994721899,17.93
29,306,4.750646150857016,17.93
30,306,4.04751208130505,17.93
31,305,3.3045584560356605,17.93
32,306,2.5237559438652046,17.93
33,134,1.7072289568053869,17.93
34,133,0.8572498905178121,17.93
35,133,-0.0237671236184251,17.93
36,133,-0.9332729378563623,17.93
37,133,-1.8685905604608317,17.93
38,134,-2.82692276136321,17.93
39,134,-3.8053600900226736,17.93
40,133,-4.80088928316745,17.93
41,133,-5.810402038895001,17.93
42,133,-6.830704132476957,17.93
43,133,-7.858524848151821,17.93
44,133,-8.890526700193917,17.93
45,133,-9.92331541562838,17.93
46,133,-10.953450150117622,17.93
47,134,-11.977453907780529,17.93
48,133,-12.991824135021563,17.93
49,134,-13.993043457846683,17.93
50,133,-14.977590531627365,17.93
51,134,-15.941950971844765,17.93
52,20,-16.882628334005002,17.93
53,19,-17.796155110664547,17.93
54,19,-18.67910371334241,17.93
55,19,-19.52809740702433,17.93
56,20,-20.339821164983324,17.93
57,19,-21.111032411751577,17.93
58,19,-21.838571622280206,17.93
59,18,-22.51937274561505,17.93
60,19,-23.15047342179939,17.93
61,19,-23.72902496118504,17.93
62,20,-24.25230205589327,17.93
63,19,-24.71771219381263,17.93
64,19,-25.12280474625201,17.93
65,19,-25.465279701181906,17.93
66,18,-25.7429960148925,17.93
67,19,-25.95397955587202,17.93
68,19,-26.09643061575994,17.93
69,19,-26.168730963354527,17.93
70,19,-26.169450418850527,17.93
71,19,-26.097352926745625,17.93
72,19,-25.951402107182876,17.93
73,19,-25.73076626688505,17.93
74,19,-25.43482285228263,17.93
75,19,-25.063162328937416,17.93
76,19,-24.615591472912143,17.93
77,19,-24.092136061330596,17.93
78,20,-23.49304295100917,17.93
79,19,-22.81878153571107,17.93
80,20,-22.070044574280143,17.93
81,20,-21.24774838364169,17.93
82,19,-20.3530323924132,17.93
83,19,-19.387258052639645,17.93
84,18,-18.35200710895514,17.93
85,19,-17.24907922626627,17.93
86,19,-16.080488978850674,17.93
87,133,-14.84846220556205,17.93
88,133,-13.555431737621905,17.93
89,133,-12.204032507258457,17.93
90,134,-10.797096047216337,17.93
91,133,-9.337644392902419,17.93
92,134,-7.828883400650452,17.93
93,133,-6.2741954972721,17.93
94,133,-4.677131877713642,17.93
95,133,-3.0414041692479126,17.93
96,133,-1.3708755821977199,17.93
97,132,0.3304484312951487,17.93
98,133,2.058429987476605,17.93
99,304,3.8088090257765916,17.93
100,304,5.577213982462174,17.93
101,303,7.359172856134081,17.93
102,304,9.150124636840037,17.93
103,303,10.945431069439238,17.93
104,303,12.740388720785976,17.93
105,303,14.53024131931692,17.93
106,303,16.310192334720128,17.93
107,303,18.07541776454588,17.93
108,303,19.821079093885434,17.93
109,303,21.542336393600717,17.93
110,302,23.234361522035584,17.93
111,303,24.892351394679075,17.93
112,302,26.51154128588729,17.93
113,302,28.087218126500566,17.93
114,301,29.614733761021206,17.93
115,302,31.089518127942316,17.93
116,301,32.5070923268423,17.93
117,125,33.86308153598201,17.93
118,125,35.15322774436293,17.93
119,125,36.37340226252309,17.93
120,125,37.51961797676588,17.93
121,124,38.58804131202969,17.93
122,125,39.575003869217284,17.93
123,125,40.47701370350815,17.93
124,125,41.29076621097484,17.93
125,125,42.01315459171373,17.93
126,125,42.64127985867866,17.93
127,125,43.17246036247146,17.93
128,124,43.604240803493106,17.93
129,124,43.93440070409007,17.93
130,125,44.160962314641544,17.93
131,125,44.28219792891673,17.93
132,125,44.296636585490894,17.93
133,125,44.20307013353278,17.93
134,125,44.000558642867155,17.93
135,126,43.68843513986662,17.93
136,125,43.26630965243432,17.93
137,125,42.73407254909759,17.93
138,125,42.09189715903974,17.93
139,125,41.34024166174656,17.93
140,125,40.47985023683163,17.93
141,125,39.51175346652496,17.93
142,125,38.43726798525999,17.93
143,125,37.25799537276395,17.93
144,125,35.97582028904949,17.93
145,305,34.592907851707125,17.93
146,304,33.11170025790866,17.93
147,304,31.53491265554637,17.93
148,304,29.86552826994082,17.93
149,304,28.106792794553723,17.93
150,304,26.262208056128404,17.93
151,304,24.33552496665138,17.93
152,304,22.33073577647173,17.93
153,304,20.252065644831173,17.93
154,304,18.103963545937972,17.93
155,304,15.891092530559215,17.93
156,304,13.618319364901582,17.93
157,304,11.29070357029819,17.93
158,304,8.913485888910294,17.93
159,304,6.492076202286834,17.93
160,304,4.03204093119406,17.93
161,132,1.5390899466287034,17.93
162,131,-0.9809369766413099,17.93
163,132,-3.522084131311858,17.93
164,132,-6.078294239582465,17.93
165,133,-8.64342317084093,17.93
166,132,-11.211254978728936,17.93
167,132,-13.77551722031271,17.93
168,132,-16.32989651916311,17.93
169,132,-18.868054333325993,17.93
170,133,-21.383642888439077,17.93
171,133,-23.870321235626335,17.93
172,132,-26.32177139328034,17.93
173,132,-28.73171453142541,17.93
174,19,-31.093927157043094,17.93
175,20,-33.40225725853802,17.93
176,19,-35.650640367425716,17.93
177,19,-37.83311549533699,17.93
178,19,-39.943840904555465,17.93
179,20,-41.97710967053546,17.93
180,19,-43.92736499518798,17.93
181,19,-45.78921523017025,17.93
182,19,-47.55744856997132,17.93
183,19,-49.2270473752483,17.93
184,20,-50.79320208763618,17.93
185,20,-52.25132469812616,17.93
186,19,-53.5970617320808,17.93
187,20,-54.826306715027755,17.93
188,19,-55.93521208454453,17.93
189,19,-56.92020051481116,17.93
190,20,-57.77797562176558,17.93
191,18,-58.505532018239975,17.93
192,19,-59.100164689988624,17.93
193,20,-59.55947766512692,17.93
194,19,-59.88139195119242,17.93
195,19,-60.06415271579957,17.93
196,19,-60.10633568869228,17.93
197,19,-60.006852764893814,17.93
198,20,-59.764956790610285,17.93
199,20,-59.38024551555459,17.93
200,19,-58.852664697419435,17.93
201,20,-58.18251034633367,17.93
202,19,-57.370430099283276,17.93
203,19,-56.41742371665727,17.93
204,19,-55.32484269528919,17.93
205,20,-54.09438899459666,17.93
206,19,-52.728112874671076,17.93
207,19,-51.228409847432395,17.93
208,19,-49.59801674423089,17.93
209,134,-47.840006905546524,17.93
210,133,-45.95778450069864,17.93
211,133,-43.95507798773085,17.93
212,133,-41.83593272586876,17.93
213,133,-39.60470275516045,17.93
214,133,-37.26604176009093,17.93
215,134,-34.82489323610994,17.93
216,133,-32.286479880120616,17.93
217,132,-29.65629222803781,17.93
218,133,-26.94007656453644,17.93
219,133,-24.143822132065207,17.93
220,133,-21.273747668093236,17.93
221,133,-18.33628730138415,17.93
222,133,-15.338075839847496,17.93
223,133,-12.285933484194848,17.93
224,133,-9.186850003227097,17.93
225,133,-6.047968408090868,17.93
226,133,-2.876568164266568,17.93
227,132,0.31995201862093137,17.93
228,304,3.534091777842977,17.93
229,304,6.758267027002288,17.93
230,304,9.984828180375867,17.93
231,304,13.206078627756336,17.93
232,304,16.414293414570285,17.93
233,304,19.601738081350305,17.93
234,303,22.76068761605037,17.93
235,303,25.883445472222654,17.93
236,304,28.962362605720358,17.93
237,304,31.98985648235467,17.93
238,303,34.95843000881973,17.93
239,125,37.86069033920292,17.93
240,125,40.68936750952371,17.93
241,124,43.43733285299078,17.93
242,125,46.09761714903334,17.93
243,125,48.663428459650255,17.93
244,125,51.12816960722553,17.93
245,125,53.48545524868407,17.93
246,125,55.729128501701204,17.93
247,125,57.85327707963586,17.93
248,125,59.852248892924884,17.93
249,124,61.7206670758549,17.93
250,125,63.45344439891516,17.93
251,125,65.045797028325,17.93
252,126,66.49325759582392,17.93
253,125,67.79168754340223,17.93
254,125,68.93728870933717,17.93
255,126,69.92661412367461,17.93
256,125,70.75657798316,17.93
257,125,71.42446477756562,17.93
258,125,71.92793754138387,17.93
259,125,72.26504520694978,17.93
260,125,72.43422903721715,17.93
261,125,72.4343281186364,17.93
262,125,72.26458389686186,17.93
263,125,71.92464374034675,17.93
264,125,71.41456351926139,17.93
265,125,70.73480918958438,17.93
266,125,69.88625737466644,17.93
267,305,68.87019493904292,17.93
268,305,67.6883175517682,17.93
269,305,66.34272723905808,17.93
270,305,64.83592892854777,17.93
271,305,63.170825989995926,17.93
272,305,61.35071477978583,17.93
273,305,59.37927819908321,17.93
274,305,57.260578278003464,17.93
275,305,54.99904780060998,17.93
276,305,52.5994809880062,17.93
277,305,50.067023259188154,17.93
278,305,47.40716009168743,17.93
279,305,44.6257050063502,17.93
280,305,41.72878670285901,17.93
281,304,38.72283537480592,17.93
282,305,35.614568235263334,17.93
283,305,32.410974285863446,17.93
284,305,29.119298364388136,17.93
285,305,25.74702450777869,17.93
286,305,22.301858669297108,17.93
287,305,18.791710830300957,17.93
288,305,15.224676548729,17.93
289,304,11.609017987928747,17.93
290,133,7.953144470887734,17.93
291,134,4.26559260625203,17.93
292,133,0.5550060337253138,17.93
293,133,-3.169885162462485,17.93
294,133,-6.900285322352768,17.93
295,19,-10.627354310800879,17.93
296,19,-14.342228798511409,17.93
297,20,-18.036043671707347,17.93
298,20,-21.699953518095267,17.93
299,19,-25.32515413643924,17.93
300,19,-28.902904016836725,17.93
301,20,-32.42454573870107,17.93
302,19,-35.88152723350011,17.93
303,19,-39.26542285947448,17.93
304,19,-42.56795423586803,17.93
305,19,-45.78101078464114,17.93
306,19,-48.896669928208304,17.93
307,18,-51.90721689244022,17.93
308,19,-54.805164064999374,17.93
309,19,-57.58326986003139,17.93
310,19,-60.23455704131497,17.93
311,19,-62.752330457172704,17.93
312,19,-65.13019414176665,17.93
313,19,-67.3620677388391,17.93
314,19,-69.44220220550909,17.93
315,19,-71.36519475539522,17.93
316,19,-73.1260030021004,17.93
317,19,-74.7199582659613,17.93
318,19,-76.14277800892958,17.93
319,18,-77.39057736450862,17.93
320,19,-78.4598797318136,17.93
321,19,-79.34762640504982,17.93
322,19,-80.05118521200808,17.93
323,19,-80.56835813755134,17.93
324,19,-80.89738791050844,17.93
325,19,-81.03696353489171,17.93
326,19,-80.98622474891066,17.93
327,19,-80.74476539785668,17.93
328,19,-80.31263570957725,17.93
329,19,-79.69034346393724,17.93
330,133,-78.87885405037156,17.93
331,133,-77.8795894103616,17.93
332,134,-76.69442586441107,17.93
333,133,-75.32569082584752,17.93
334,133,-73.77615840652854,17.93
335,134,-72.04904392227675,17.93
336,134,-70.147997308603,17.93
337,133,-68.07709545998945,17.93
338,134,-65.84083350869466,17.93
339,134,-63.44411506169552,17.93
340,133,-60.89224141699794,17.93
341,134,-58.190899783116514,17.93
342,133,-55.346150528039914,17.93
343,134,-52.36441348645659,17.93
344,133,-49.25245335640601,17.93
345,133,-46.017364218842424,17.93
346,133,-42.666553215840324,17.93
347,133,-39.207723425330514,17.93
348,133,-35.648855972327716,17.93
349,133,-31.998191418586565,17.93
350,133,-28.264210474501567,17.93
351,134,-24.455614078840103,17.93
352,133,-20.58130289356271,17.93
353,134,-16.65035626253703,17.93
354,133,-12.672010684386382,17.93
355,134,-8.655637851028386,17.93
356,133,-4.610722304647507,17.93
357,305,-0.546838766908153,17.93
358,305,3.5263708048553695,17.93
359,306,7.599220378937085,17.93
360,125,11.66200317184906,17.93
361,126,15.705015075480947,17.93
362,125,19.718578131722754,17.93
363,126,23.693063997197488,17.93
364,126,27.618917340647652,17.93
365,125,31.48667911555599,17.93
366,125,35.28700965076127,17.93
367,125,39.010711502150386,17.93
368,126,42.64875200897165,17.93
369,125,46.192285498916306,17.93
370,126,49.63267508685834,17.93
371,125,52.96151401302255,17.93
372,125,56.17064646736601,17.93
373,125,59.25218784810852,17.93
374,126,62.19854440362695,17.93
375,126,65.00243220833754,17.93
376,125,67.65689542472242,17.93
377,125,70.1553238053125,17.93
378,125,72.4914693902092,17.93
379,125,74.65946235761383,17.93
380,125,76.65382598682669,17.93
381,126,78.4694906952762,17.93
382,125,80.10180711333554,17.93
383,126,81.54655816297482,17.93
384,125,82.79997010867686,17.93
385,126,83.85872255150556,17.93
386,126,84.71995733975548,17.93
387,125,85.38128637221924,17.93
388,306,85.84079827278406,17.93
389,306,86.09706391779851,17.93
390,305,86.14914080043347,17.93
391,306,85.99657621908791,17.93
392,306,85.63940927975283,17.93
393,306,85.07817170514221,17.93
394,305,84.31388744631637,17.93
395,306,83.34807109545652,17.93
396,306,82.18272510139222,17.93
397,306,80.82033579242658,17.93
398,306,79.2638682139428,17.93
399,305,77.51675979120043,17.93
400,306,75.58291283063458,17.93
401,306,73.46668587584918,17.93
402,306,71.1728839373376,17.93
403,306,68.70674761776549,17.93
404,305,66.07394115740257,17.93
405,305,63.280539426987175,17.93
406,305,60.33301389794134,17.93
407,305,57.238217622419526,17.93
408,306,54.00336925816406,17.93
409,305,50.63603617554794,17.93
410,306,47.144116686506116,17.93
411,305,43.53582143728262,17.93
412,305,39.81965400904759,17.93
413,305,36.00439077246082,17.93
414,306,32.09906004416964,17.93
415,305,28.11292059502711,17.93
416,305,24.055439561492975,17.93
417,126,19.936269813234023,17.93
418,20,15.765226831365775,17.93
419,19,11.552265153071316,17.93
420,19,7.307454439491991,17.93
421,19,3.040955224805046,17.93
422,18,-1.2370055947175425,17.93
423,18,-5.516159472137818,17.93
424,19,-9.786221061647048,17.93
425,19,-14.036913150162276,17.93
426,19,-18.257991607864124,17.93
427,19,-22.43927029666972,17.93
428,19,-26.570645875639862,17.93
429,19,-30.642122442472843,17.93
430,19,-34.643835950543306,17.93
431,19,-38.56607834139796,17.93
432,19,-42.39932133322373,17.93
433,19,-46.13423980655365,17.93
434,19,-49.76173472937302,17.93
435,19,-53.27295556482791,17.93
436,19,-56.659322105920154,17.93
437,19,-59.91254568289313,17.93
438,20,-63.02464969046983,17.93
439,19,-65.98798938369197,17.93
440,19,-68.79527089282763,17.93
441,20,-71.43956940965582,17.93
442,19,-73.91434649939931,17.93
443,19,-76.21346649465409,17.93
444,19,-78.3312119298531,17.93
445,19,-80.26229797709442,17.93
446,19,-82.00188584655956,17.93
447,18,-83.54559511723338,17.93
448,20,-84.8895149662143,17.93
449,19,-86.03021426756116,17.93
450,19,-86.9647505343556,17.93
451,19,-87.69067768046197,17.93
452,133,-88.20605258133004,17.93
453,134,-88.50944041610475,17.93
454,133,-88.59991877627536,17.93
455,134,-88.47708052910212,17.93
456,134,-88.14103542710144,17.93
457,134,-87.59241045793536,17.93
458,133,-86.83234893213725,17.93
459,133,-85.8625083092009,17.93
460,134,-84.68505676565904,17.93
461,133,-83.30266851187051,17.93
462,134,-81.71851786731864,17.93
463,134,-79.9362721072843,17.93
464,133,-77.96008309679188,17.93
465,133,-75.79457773072626,17.93
466,134,-73.44484720197599,17.93
467,133,-70.91643512236503,17.93
468,134,-68.21532452398627,17.93
469,134,-65.3479237713359,17.93
470,134,-62.32105141736313,17.93
471,134,-59.14192003918694,17.93
472,134,-55.818119091784816,17.93
473,134,-52.35759682041912,17.93
474,133,-48.76864127493341,17.93
475,134,-45.059860471310955,17.93
476,134,-41.240161748041686,17.93
477,133,-37.318730366882356,17.93
478,134,-33.30500740951384,17.93
479,134,-29.20866702339436,17.93
480,133,-25.039593071774,17.93
481,125,-20.807855244368376,17.93
482,125,-16.52368468658499,17.93
483,125,-12.197449206451362,17.93
484,126,-7.8396281195045425,17.93
485,125,-3.4607867928659686,17.93
486,125,0.9284490494602821,17.93
487,125,5.317419197364114,17.93
488,125,9.69545493827108,17.93
489,126,14.05190509008368,17.93
490,125,18.3761620196598,17.93
491,126,22.65768758302349,17.93
492,125,26.88603892361918,17.93
493,125,31.050894065192796,17.93
494,126,35.14207723631228,17.93
495,125,39.149583864124416,17.93
496,125,43.06360517568385,17.93
497,125,46.874552346081586,17.93
498,125,50.573080133643145,17.93
499,126,54.15010994365591,17.93
500,126,57.59685226342307,17.93
501,125,60.90482841291813,17.93
502,126,64.06589155693355,17.93
503,125,67.07224692636768,17.93
504,125,69.91647119817969,17.93
505,125,72.59153098554991,17.93
506,125,75.09080039191814,17.93
507,125,77.4080775848161,17.93
508,125,79.53760034777457,17.93
509,306,81.47406057104635,17.93
510,306,83.21261764445332,17.93
511,306,84.74891071832215,17.93
512,306,86.0790698012175,17.93
513,306,87.19972566600713,17.93
514,306,88.10801853869015,17.93
515,306,88.80160554738389,17.93
516,306,89.27866691188886,17.93
517,306,89.53791085732402,17.93
518,306,89.57857723844525,17.93
519,306,89.40043986441393,17.93
520,306,89.00380751696616,17.93
521,306,88.3895236581387,17.93
522,305,87.55896482692444,17.93
523,306,86.5140377274535,17.93
524,306,85.25717501451568,17.93
525,306,83.79132978544865,17.93
526,306,82.11996879060734,17.93
527,306,80.24706437779233,17.93
528,306,78.17708518914566,17.93
529,306,75.91498563210777,17.93
530,305,73.46619414906783,17.93
531,306,70.83660031331807,17.93
532,306,68.0325407818382,17.93
533,306,65.06078413827844,17.93
534,306,61.92851466227295,17.93
535,306,58.643315063893276,17.93
536,306,55.21314822463569,17.93
537,126,51.646337988821806,17.93
538,125,47.95154905167189,17.93
539,125,44.13776599257808,17.93
540,19,40.21427150425754,17.93
541,19,36.190623870491976,17.93
542,19,32.07663374706325,17.93
543,19,27.882340302261508,17.93
544,19,23.617986774974785,17.93
545,19,19.29399550985828,17.93
546,19,14.920942530427673,17.93
547,19,10.50953171211663,17.93
548,19,6.070568618384319,17.93
549,19,1.6149340638495122,17.93
550,20,-2.8464425308383845,17.93
551,19,-7.302609927105155,17.93
552,19,-11.742621933833068,17.93
553,19,-16.15556428406239,17.93
554,19,-20.530581456966242,17.93
555,19,-24.856903379122443,17.93
556,20,-29.12387193934012,17.93
557,19,-33.32096725169303,17.93
558,20,-37.437833601970546,17.93
559,19,-41.464305013471716,17.93
560,19,-45.39043036894544,17.93
561,19,-49.20649802651033,17.93
562,19,-52.903059868575035,17.93
563,19,-56.470954724115465,17.93
564,19,-59.901331106153535,17.93
565,19,-63.185669207908965,17.93
566,20,-66.31580210287017,17.93
567,19,-69.28393609593415,17.93
568,19,-72.08267017480834,17.93
569,19,-74.70501451303085,17.93
570,19,-77.14440797825577,17.93
571,19,-79.39473460185431,17.93
572,134,-81.45033896839767,17.93
573,133,-83.306040486207,17.93
574,133,-84.95714650287397,17.93
575,133,-86.39946423246361,17.93
576,133,-87.62931146400612,17.93
577,133,-88.64352602385306,17.93
578,134,-89.43947396751817,17.93
579,134,-90.01505647972417,17.93
580,133,-90.36871546453823,17.93
581,134,-90.49943781068568,17.93
582,133,-90.40675832037707,17.93
583,134,-90.09076129326428,17.93
584,133,-89.55208076044092,17.93
585,134,-88.79189936672157,17.93
586,134,-87.81194590275864,17.93
587,134,-86.61449149187975,17.93
588,134,-85.20234443984359,17.93
589,134,-83.57884375900986,17.93
590,133,-81.7478513816919,17.93
591,133,-79.71374308069896,17.93
592,134,-77.4813981182729,17.93
593,134,-75.05618764777272,17.93
594,134,-72.44396189555025,17.93
595,134,-69.65103615348823,17.93
596,134,-66.68417561562373,17.93
597,134,-63.5505790951556,17.93
598,133,-60.257861660921634,17.93
599,134,-56.81403623512329,17.93
600,134,-53.227494196670946,17.93
601,19,-49.506985037006416,17.93
602,19,-45.6615951176337,17.93
603,20,-41.70072558084188,17.93
604,20,-37.63406946723264,17.93
605,19,-33.47158809566411,17.93
606,20,-29.223486763085372,17.93
607,19,-24.900189823460035,17.93
608,125,-20.51231520655602,17.93
609,125,-16.070648438809876,17.93
610,125,-11.586116229752758,17.93
611,126,-7.0697596886089595,17.93
612,126,-2.5327072366435024,17.93
613,126,2.013852718359684,17.93
614,125,6.558699278465404,17.93
615,125,11.090606655299172,17.93
616,125,15.598371805289954,17.93
617,125,20.070842032485185,17.93
618,125,24.49694249100115,17.93
619,125,28.865703519361062,17.93
620,125,33.166287739329384,17.93
621,125,37.388016852373035,17.93
622,125,41.52039806756788,17.93
623,125,45.55315009561924,17.93
624,125,49.47622864467814,17.93
625,125,53.27985135480558,17.93
626,125,56.954522109266726,17.93
627,125,60.49105466231613,17.93
628,126,63.88059552476782,17.93
629,125,67.11464605041967,17.93
630,306,70.18508366832069,17.93
631,306,73.0841822079247,17.93
632,306,75.8046312663617,17.93
633,305,78.33955456937169,17.93
634,306,80.68252727988215,17.93
635,306,82.8275922107592,17.93
636,306,84.76927490092437,17.93
637,306,86.50259751678792,17.93
638,305,88.02309154381133,17.93
639,305,89.32680923595525,17.93
640,306,90.41033379379995,17.93
641,306,91.27078824522724,17.93
642,306,91.90584300572303,17.93
643,306,92.3137220985881,17.93
644,306,92.49320801862486,17.93
645,305,92.4436452261898,17.93
646,306,92.16494226186057,17.93
647,306,91.65757247534916,17.93
648,306,90.92257336569762,17.93
649,305,89.96154453320291,17.93
650,306,88.77664424693441,17.93
651,306,87.37058463511332,17.93
652,305,85.74662550901637,17.93
653,305,83.90856683443462,17.93
654,305,81.86073986805579,17.93
655,305,79.60799697943405,17.93
656,305,77.15570018246153,17.93
657,305,74.50970840344601,17.93
658,306,71.6763635160297,17.93
659,125,68.66247517623768,17.93
660,125,65.47530449392363,17.93
661,125,62.12254657976843,17.93
662,125,58.61231200978407,17.93
663,125,54.953107251969435,17.93
664,125,51.15381410235217,17.93
665,125,47.22366818012265,17.93
666,125,43.172236533920035,17.93
667,125,39.00939441355547,17.93
668,125,34.745301263552825,17.93
669,125,30.390375996844693,17.93
670,126,25.955271608777004,17.93
671,19,21.450849193244725,17.93
672,19,16.888151424299856,17.93
673,19,12.278375567936212,17.93
674,19,7.632846089962025,17.93
675,19,2.9629869269156575,17.93
676,19,-1.7197065121389556,17.93
677,20,-6.403695544385759,17.93
678,19,-11.077426543500609,17.93
679,19,-15.729359331889617,17.93
680,19,-20.34799556523909,17.93
681,19,-24.921907039657288,17.93
682,19,-29.4397638518244,17.93
683,19,-33.890362342873054,17.93
684,19,-38.26265275719812,17.93
685,20,-42.545766548040945,17.93
686,19,-46.729043262507716,17.93
687,19,-50.8020569396604,17.93
688,19,-54.75464195646389,17.93
689,19,-58.576918257676994,17.93
690,19,-62.25931590723772,17.93
691,19,-65.79259890031119,17.93
692,133,-69.16788817693518,17.93
693,133,-72.37668378011341,17.93
694,134,-75.41088610326234,17.93
695,134,-78.2628161741093,17.93
696,134,-80.92523492446485,17.93
697,134,-83.39136139774116,17.93
698,134,-85.65488984865932,17.93
699,133,-87.71000569227077,17.93
700,133,-89.55140026220997,17.93
701,133,-91.1742843409857,17.93
702,133,-92.57440042810352,17.93
703,133,-93.74803371488152,17.93
704,132,-94.69202173797242,17.93
705,131,-95.40376268682263,17.93
706,131,-95.88122234358454,17.93
707,131,-96.12293963733435,17.93
708,131,-96.12803079783457,17.93
709,131,-95.89619209750173,17.93
710,131,-95.42770117369619,17.93
711,130,-94.72341692692392,17.93
712,130,-93.78477799403068,17.93
713,130,-92.61379979896132,17.93
714,131,-91.21307018714687,17.93
715,132,-89.58574365305887,17.93
716,132,-87.73553417392651,17.93
717,131,-85.66670666603807,17.93
718,131,-83.38406708343739,17.93
719,132,-80.89295118216725,17.93
720,132,-78.19921197650046,17.93
721,19,-75.3092059168232,17.93
722,19,-72.22977782199,17.93
723,19,-68.96824460204674,17.93
724,19,-65.53237781020641,17.93
725,20,-61.930385065860634,17.93
726,19,-58.17089039320548,17.93
727,20,-54.262913522748946,17.93
728,20,-50.215848205542635,17.93
729,19,-46.03943959243357,17.93
730,19,-41.74376073296095,17.93
731,19,-37.33918825071643,17.93
732,18,-32.83637725404588,17.93
733,19,-28.246235542883174,17.93
734,19,-23.57989717427513,17.93
735,19,-18.84869545077029,17.93
736,20,-14.064135397303229,17.93
737,20,-9.237865793504596,17.93
738,123,-4.381650829503021,17.93
739,123,0.49265854574628365,17.93
740,124,5.37315351376927,17.93
741,124,10.24789644305052,17.93
742,123,15.10495004175486,17.93
743,123,19.93240653548316,17.93
744,124,24.71841679874087,17.93
745,123,29.451219368862187,17.93
746,121,34.119169271370936,17.93
747,120,38.71076658617123,17.93
748,121,43.21468468454653,17.93
749,277,47.619798067703165,17.93
750,295,51.91520973852078,17.93
751,295,56.09027803926775,17.93
752,295,60.134642889299776,17.93
753,295,64.03825135818093,17.93
754,296,67.79138251125008,17.93
755,294,71.38467146638897,17.93
756,293,74.80913260263776,17.93
757,290,78.05618186333511,17.93
758,281,81.11765809863668,17.93
759,286,83.98584339457484,17.93
760,285,86.65348233826577,17.93
761,290,89.11380017143462,17.93
762,292,91.36051978711531,17.93
763,295,93.38787752717694,17.93
764,296,95.19063774123177,17.93
765,296,96.7641060704776,17.93
766,295,98.10414142311986,17.93
767,295,99.20716661119089,17.93
768,297,100.0701776218344,17.93
769,297,100.69075149943875,17.93
770,296,101.0670528183806,17.93
771,297,101.19783872956722,17.93
772,297,101.08246256743666,17.93
773,296,100.7208760075805,17.93
774,296,100.1136297686845,17.93
775,296,99.26187285603132,17.93
776,296,98.1673503473665,17.93
777,125,96.8323997254845,17.93
778,125,95.25994576544257,17.93
779,125,93.4534939878371,17.93
780,126,91.41712269308535,17.93
781,126,89.15547359512237,17.93
782,125,86.67374107635185,17.93
783,125,83.97766008906282,17.93
784,125,81.07349273184123,17.93
785,126,77.9680135327509,17.93
786,125,74.6684934742311,17.93
787,125,71.18268279774443,17.93
788,125,67.5187926292063,17.93
789,125,63.68547546912256,17.93
790,125,59.69180459415672,17.93
791,125,55.547252419524376,17.93
792,126,51.261667874174044,17.93
793,126,46.84525284314726,17.93
794,126,42.30853773381364,17.93
795,126,37.66235622484199,17.93
796,125,32.917819258791745,17.93
797,126,28.086288341083744,17.93
798,125,23.17934820983337,17.93
799,126,18.20877894259473,17.93
800,20,13.186527567471648,17.93
801,19,8.124679247293495,17.93
802,19,3.0354281066287268,17.93
803,20,-2.0689522276839125,17.93
804,19,-7.176138301073796,17.93
805,19,-12.273786648872855,17.93
806,20,-17.349563684687357,17.93
807,19,-22.391175586940147,17.93
808,18,-27.386398110983354,17.93
809,133,-32.32310625432767,17.93
810,134,-37.18930370285422,17.93
811,134,-41.97315198637367,17.93
812,134,-46.662999272568264,17.93
813,134,-51.24740872919782,17.93
814,133,-55.715186385467184,17.93
815,134,-60.0554084246371,17.93
816,134,-64.25744784131194,17.93
817,134,-68.31100039834956,17.93
818,134,-72.20610982001318,17.93
819,134,-75.9331921598101,17.93
820,134,-79.48305928344148,17.93
821,133,-82.84694140941019,17.93
822,134,-86.01650865209758,17.93
823,134,-88.98389151452031,17.93
824,134,-91.7417002805058,17.93
825,134,-94.28304325867677,17.93
826,134,-96.60154383340455,17.93
827,134,-98.69135628076812,17.93
828,133,-100.54718031053862,17.93
829,134,-102.1642742982848,17.93
830,134,-103.53846717486202,17.93
831,133,-104.66616894379264,17.93
832,134,-105.544379800365,17.93
833,134,-106.17069782966128,17.93
834,134,-106.54332526416559,17.93
835,133,-106.66107328508984,17.93
836,134,-106.52336535508555,17.93
837,134,-106.13023907356447,17.93
838,19,-105.48234654943596,17.93
839,19,-104.58095328965994,17.93
840,19,-103.42793560561648,17.93
841,20,-102.02577654288672,17.93
842,19,-100.3775603436235,17.93
843,19,-98.48696545425119,17.93
844,19,-96.3582560947657,17.93
845,19,-93.99627240939819,17.93
846,19,-91.40641922185124,17.93
847,19,-88.59465342170691,17.93
848,20,-85.56747001193098,17.93
849,18,-82.33188685065291,17.93
850,20,-78.8954281235744,17.93
851,19,-75.26610658644648,17.93
852,18,-71.45240462004641,17.93
853,20,-67.46325414297463,17.93
854,20,-63.308015430371526,17.93
855,19,-58.996454889317214,17.93
856,19,-54.538721844218045,17.93
857,18,-49.94532438789475,17.93
858,19,-45.227104356364784,17.93
859,19,-40.395211487447,17.93
860,19,-35.46107682530821,17.93
861,19,-30.43638543491103,17.93
862,19,-25.3330484920088,17.93
863,19,-20.16317481585887,17.93
864,19,-14.939041913189852,17.93
865,19,-9.673066603155922,17.93
866,123,-4.377775294039835,17.93
867,123,0.9342260166764026,17.93
868,123,6.250281946570796,17.93
869,296,11.55771806406023,17.93
870,296,16.843871282555977,17.93
871,295,22.096120239699474,17.93
872,294,27.30191558840463,17.93
873,293,32.448810126633816,17.93
874,293,37.52448869321333,17.93
875,291,42.51679775754746,17.93
876,291,47.41377463182079,17.93
877,290,52.20367623517904,17.93
878,292,56.875007340453855,17.93
879,292,61.416548235236725,17.93
880,292,65.8173817305154,17.93
881,292,70.06691945165412,17.93
882,291,74.15492734822617,17.93
883,290,78.0715503610873,17.93
884,288,81.80733618710961,17.93
885,287,85.35325808416783,17.93
886,285,88.7007366612855,17.93
887,282,91.84166060129327,17.93
888,283,94.7684062659267,17.93
889,284,97.47385613598635,17.93
890,284,99.95141604199225,17.93
891,285,102.1950311436836,17.93
892,284,104.19920061973222,17.93
893,286,105.9589910321515,17.93
894,286,107.47004833307764,17.93
895,285,108.7286084848804,17.93
896,285,109.73150666790094,17.93
897,284,110.47618505352708,17.93
898,284,110.96069912377446,17.93
899,278,111.18372252205087,17.93
900,277,111.14455042332357,17.93
901,125,110.8431014154812,17.93
902,125,110.27991788727417,17.93
903,125,109.45616492181723,17.93
904,126,108.37362769824442,17.93
905,126,107.03470740770159,17.93
906,125,105.44241569344487,17.93
907,124,103.60036762837107,17.93
908,124,101.51277324682978,17.93
909,124,99.184427651052,17.93
910,122,96.62069971596317,17.93
911,121,93.827519419524,17.93
912,118,90.81136382905343,17.93
913,116,87.5792417772216,17.93
914,116,84.13867726455548,17.93
915,113,80.49769162836246,17.93
916,115,76.66478452094462,17.93
917,111,72.64891374283721,17.93
918,112,68.45947397955786,17.93
919,117,64.10627449298435,17.93
920,115,59.59951582098958,17.93
921,116,54.949765541339744,17.93
922,116,50.16793315810631,17.93
923,116,45.26524417094242,17.93
924,115,40.25321338953112,17.93
925,114,35.1436175573157,17.93
926,116,29.94846735027257,17.93
927,115,24.679978817975428,17.93
928,264,19.350544335527225,17.93
929,276,13.97270313609594,17.93
930,270,8.559111494783078,17.93
931,282,3.1225126353735733,17.93
932,279,-2.324293567835751,17.93
933,278,-7.768481020459701,17.93
934,278,-13.197227897732576,17.93
935,279,-18.597747120412002,17.93
936,283,-23.95731674384561,17.93
937,130,-29.26331018739871,17.93
938,130,-34.503226231848814,17.93
939,130,-39.66471871293458,17.93
940,126,-44.735625840001134,17.93
941,122,-49.70399906961127,17.93
942,122,-54.55813146508518,17.93
943,123,-59.286585474194375,17.93
944,125,-63.878220058658414,17.93
945,125,-68.32221711067731,17.93
946,126,-72.60810709347166,17.93
947,125,-76.725793844693,17.93
948,125,-80.66557848360445,17.93
949,125,-84.41818236510994,17.93
950,126,-87.97476902602581,17.93
951,125,-91.32696507143466,17.93
952,124,-94.46687995153049,17.93
953,124,-97.38712458205427,17.93
954,115,-100.0808287642183,17.93
955,122,-102.54165736292354,17.93
956,120,-104.76382520507765,17.93
957,118,-106.74211066291333,17.93
958,116,-108.47186789038633,17.93
959,19,-109.94903768398007,17.93
960,20,-111.17015694256678,17.93
961,20,-112.13236670435101,17.93
962,20,-112.83341874235116,17.93
963,20,-113.27168070334696,17.93
964,20,-113.44613977872716,17.93
965,19,-113.35640489920283,17.93
966,19,-113.00270744890162,17.93
967,19,-112.38590049791576,17.93
968,19,-111.50745655593438,17.93
969,19,-110.36946385313904,17.93
970,18,-108.97462115807465,17.93
971,19,-107.32623114571223,17.93
972,20,-105.42819233239337,17.93
973,18,-103.28498959777407,17.93
974,19,-100.90168331726531,17.93
975,20,-98.28389713178579,17.93
976,19,-95.43780438489567,17.93
977,19,-92.37011326055708,17.93
978,19,-89.08805065786231,17.93
979,19,-85.5993448420761,17.93
980,19,-81.91220691424657,17.93
981,19,-78.03531114444266,17.93
982,19,-73.97777421637136,17.93
983,20,-69.74913343370152,17.93
984,19,-65.35932394087648,17.93
985,19,-60.818655013520036,17.93
986,19,-56.13778547573028,17.93
987,19,-51.32769830360462,17.93
988,19,-46.399674476244705,17.93
989,20,-41.365266137244724,17.93
990,19,-36.236269131269594,17.93
991,20,-31.024694981774587,17.93
992,19,-25.742742377202354,17.93
993,20,-20.40276823411588,17.93
994,19,-15.017258406680902,17.93
995,20,-9.59879811269911,17.93
996,20,-4.16004214701135,17.93
997,131,1.2863150464632975,17.93
998,131,6.727569372511886,17.93
999,131,12.151037080593285,17.93
1000,132,17.544084687412656,17.93
1001,131,22.8941587547763,17.93
1002,131,28.188815451811863,17.93
1003,132,33.4157498312245,17.93
1004,131,38.56282475001296,17.93
1005,131,43.618099365990055,17.93
1006,131,48.56985714253682,17.93
1007,131,53.40663329526677,17.93
1008,297,58.11724161568068,17.93
1009,297,62.690800608453046,17.93
1010,296,67.1167588807019,17.93
1011,297,71.38491972345113,17.93
1012,297,75.48546482749391,17.93
1013,296,79.40897707800258,17.93
1014,297,83.1464623744981,17.93
1015,297,86.68937042518715,17.93
1016,296,90.02961446718889,17.93
1017,296,93.1595898668015,17.93
1018,297,96.07219155669542,17.93
1019,297,98.7608302697553,17.93
1020,297,101.21944753222462,17.93
1021,297,103.4425293818218,17.93
1022,297,105.42511877959396,17.93
1023,296,107.16282668744144,17.93
1024,296,108.65184178647725,17.93
1025,296,109.88893881467303,17.93
1026,296,110.87148550557806,17.93
1027,297,111.59744811327278,17.93
1028,125,112.06539551212474,17.93
1029,125,112.27450186334383,17.93
1030,125,112.2245478437799,17.93
1031,125,111.91592043585497,17.93
1032,125,111.34961128097353,17.93
1033,125,110.52721360219293,17.93
1034,125,109.4509177053566,17.93
1035,125,108.12350507128785,17.93
1036,125,106.54834105500125,17.93
1037,125,104.72936621120452,17.93
1038,125,102.6710862686303,17.93
1039,125,100.37856077894394,17.93
1040,125,97.8573904691138,17.93
1041,125,95.11370332919678,17.93
1042,125,92.15413947047882,17.93
1043,125,88.98583479180476,17.93
1044,125,85.61640349473608,17.93
1045,125,82.05391949087318,17.93
1046,125,78.30689674727229,17.93
1047,125,74.38426861836241,17.93
1048,125,70.29536621512685,17.93
1049,125,66.04989586454339,17.93
1050,125,61.657915714378866,17.93
1051,125,57.12981154039774,17.93
1052,126,52.47627181486834,17.93
1053,126,47.708262096930206,17.93
1054,126,42.83699880691682,17.93
1055,125,37.87392244810663,17.93
1056,125,32.830670340600065,17.93
1057,304,27.719048933085418,17.93
1058,304,22.551005759163235,17.93
1059,304,17.338601105642432,17.93
1060,304,12.093979460801531,17.93
1061,304,6.8293408110242595,17.93
1062,304,1.5569118544686449,17.93
1063,304,-3.7110827994875724,17.93
1064,304,-8.962449376363505,17.93
1065,304,-14.185053559839192,17.93
1066,304,-19.366848924164543,17.93
1067,304,-24.49590510828507,17.93
1068,304,-29.560435664992365,17.93
1069,133,-34.548825519303534,17.93
1070,133,-39.44965797132642,17.93
1071,134,-44.25174118007482,17.93
1072,133,-48.944134066055994,17.93
1073,133,-53.516171571958196,17.93
1074,134,-57.9574892224161,17.93
1075,134,-62.258046925620114,17.93
1076,134,-66.40815196145952,17.93
1077,134,-70.39848110294233,17.93
1078,133,-74.22010181981406,17.93
1079,133,-77.86449251559357,17.93
1080,133,-81.3235617516564,17.93
1081,133,-84.58966641451309,17.93
1082,133,-87.65562878505004,17.93
1083,133,-90.5147524712142,17.93
1084,133,-93.16083716842411,17.93
1085,19,-95.5881922148732,17.93
1086,19,-97.79164891184656,17.93
1087,19,-99.76657158219537,17.93
1088,20,-101.50886734319563,17.93
1089,19,-103.01499457314912,17.93
1090,19,-104.28197005426253,17.93
1091,20,-105.30737477755255,17.93
1092,20,-106.08935839876587,17.93
1093,19,-106.6266423375624,17.93
1094,19,-106.91852151548447,17.93
1095,20,-106.96486473151032,17.93
1096,19,-106.76611367726419,17.93
1097,19,-106.3232805972167,17.93
1098,19,-105.63794460245059,17.93
1099,20,-104.71224664978193,17.93
1100,19,-103.54888320120614,17.93
1101,20,-102.15109858177381,17.93
1102,19,-100.52267605708847,17.93
1103,19,-98.66792765464604,17.93
1104,19,-96.59168275619908,17.93
1105,18,-94.29927549122044,17.93
1106,19,-91.79653096435328,17.93
1107,19,-89.08975035246054,17.93
1108,19,-86.18569490952291,17.93
1109,20,-83.09156892016908,17.93
1110,19,-79.81500164505573,17.93
1111,19,-76.36402830363653,17.93
1112,19,-72.74707014206611,17.93
1113,19,-68.97291363607204,17.93
1114,19,-65.05068888058915,17.93
1115,19,-60.98984721978187,17.93
1116,19,-56.800138172778205,17.93
1117,19,-52.491585711999015,17.93
1118,19,-48.07446395238479,17.93
1119,20,-43.55927231109654,17.93
1120,133,-38.956710198395136,17.93
1121,134,-34.27765130138012,17.93
1122,133,-29.53311752309594,17.93
1123,134,-24.73425264018631,17.93
1124,134,-19.892295742794886,17.93
1125,133,-15.018554520774186,17.93
1126,133,-10.124378460470941,17.93
1127,134,-5.221132016406511,17.93
1128,133,-0.32016782206646166,17.93
1129,133,4.567199996247984,17.93
1130,133,9.429722338967569,17.93
1131,133,14.25624142323219,17.93
1132,134,19.035716781044616,17.93
1133,135,23.757250904217848,17.93
1134,134,28.410114475746134,17.93
1135,305,32.98377112838872,17.93
1136,305,37.46790167255408,17.93
1137,305,41.85242773700806,17.93
1138,305,46.12753476749861,17.93
1139,305,50.28369433008784,17.93
1140,305,54.31168566780576,17.93
1141,305,58.202616461181115,17.93
1142,305,61.94794274526422,17.93
1143,305,65.53948793792209,17.93
1144,305,68.96946093645836,17.93
1145,305,72.230473241979,17.93
1146,305,75.31555507338624,17.93
1147,305,78.21817043543051,17.93
1148,305,80.93223110787669,17.93
1149,125,83.45210952554032,17.93
1150,125,85.77265052171508,17.93
1151,126,87.88918191033696,17.93
1152,124,89.79752388510865,17.93
1153,125,91.49399721672647,17.93
1154,125,92.97543023231484,17.93
1155,125,94.2391645641595,17.93
1156,125,95.28305965784557,17.93
1157,126,96.10549603293273,17.93
1158,125,96.70537729233682,17.93
1159,125,97.08213087962284,17.93
1160,125,97.23570758644499,17.93
1161,125,97.16657981538346,17.93
1162,125,96.8757386064228,17.93
1163,125,96.36468943828139,17.93
1164,126,95.63544681872966,17.93
1165,126,94.69052768092214,17.93
1166,126,93.53294360560268,17.93
1167,125,92.16619189182234,17.93
1168,126,90.59424550152472,17.93
1169,126,88.82154190599822,17.93
1170,125,86.85297086476517,17.93
1171,124,84.69386116996394,17.93
1172,125,82.34996639167899,17.93
1173,126,79.8274496619788,17.93
1174,125,77.13286753762729,17.93
1175,126,74.27315298353548,17.93
1176,125,71.25559752101248,17.93
1177,124,68.087832586753,17.93
1178,305,64.77781015025933,17.93
1179,306,61.333782639033274,17.93
1180,305,57.76428222238691,17.93
1181,305,54.07809950610415,17.93
1182,305,50.28426169143649,17.93
1183,305,46.39201025303383,17.93
1184,305,42.41077819138995,17.93
1185,305,38.35016691622379,17.93
1186,305,34.219922817917386,17.93
1187,305,30.02991358468851,17.93
1188,305,25.790104323592715,17.93
1189,305,21.5105335437191,17.93
1190,305,17.201289060073215,17.93
1191,305,12.872483876623999,17.93
1192,305,8.534232106832564,17.93
1193,304,4.196624989679675,17.93
1194,305,-0.13029294123418125,17.93
1195,305,-4.436547478523843,17.93
1196,306,-8.712258095517658,17.93
1197,134,-12.94766097900158,17.93
1198,134,-17.133131685780643,17.93
1199,134,-21.25920736974729,17.93
1200,134,-25.316608527391793,17.93
1201,133,-29.29626021105838,17.93
1202,134,-33.18931266073922,17.93
1203,134,-36.987161306802605,17.93
1204,134,-40.68146609776717,17.93
1205,134,-44.26417010905547,17.93
1206,20,-47.72751739058484,17.93
1207,19,-51.064070013073525,17.93
1208,19,-54.266724275052646,17.93
1209,20,-57.32872603477192,17.93
1210,19,-60.24368513346624,17.93
1211,19,-63.00558887880109,17.93
1212,19,-65.60881455973772,17.93
1213,20,-68.04814096653934,17.93
1214,19,-70.31875889217967,17.93
1215,19,-72.41628059400193,17.93
1216,19,-74.33674819710679,17.93
1217,19,-76.07664102361335,17.93
1218,19,-77.63288183463341,17.93
1219,20,-79.0028419745159,17.93
1220,19,-80.18434540965272,17.93
1221,19,-81.17567165687825,17.93
1222,20,-81.97555759923966,17.93
1223,19,-82.583198189654,17.93
1224,19,-82.99824604569513,17.93
1225,20,-83.22080994146337,17.93
1226,20,-83.2514522051741,17.93
1227,19,-83.09118503375412,17.93
1228,19,-82.74146573834904,17.93
1229,19,-82.20419093721445,17.93
1230,20,-81.48168971498256,17.93
1231,20,-80.57671576975837,17.93
1232,19,-79.49243857189906,17.93
1233,19,-78.23243356066065,17.93
1234,19,-76.80067140715349,17.93
1235,20,-75.2015063742253,17.93
1236,19,-73.43966380598356,17.93
1237,19,-71.52022678167236,17.93
1238,19,-69.4486219705285,17.93
1239,19,-67.23060472605172,17.93
1240,20,-64.87224345983334,17.93
1241,133,-62.37990333668724,17.93
1242,133,-59.76022933432004,17.93
1243,134,-57.020128712154126,17.93
1244,133,-54.16675293517877,17.93
1245,134,-51.207479099846104,17.93
1246,134,-48.14989091004955,17.93
1247,134,-45.00175925211791,17.93
1248,134,-41.77102241853034,17.93
1249,133,-38.46576603069997,17.93
1250,134,-35.09420271169079,17.93
1251,134,-31.664651560118344,17.93
1252,133,-28.185517476742596,17.93
1253,134,-24.66527039538867,17.93
1254,134,-21.11242446982948,17.93
1255,133,-17.535517268133777,17.93
1256,134,-13.943089025724145,17.93
1257,134,-10.343662008003532,17.93
1258,133,-6.745720032898182,17.93
1259,134,-3.1576882030291866,17.93
1260,133,0.412087103531651,17.93
1261,134,3.9553579358417528,17.93
1262,133,7.463994118916458,17.93
1263,133,10.930002202825996,17.93
1264,305,14.345543967296521,17.93
1265,305,17.702954438375382,17.93
1266,305,20.994759375147083,17.93
1267,305,24.2136921860134,17.93
1268,305,27.352710235671527,17.93
1269,305,30.405010505635886,17.93
1270,125,33.364044572947606,17.93
1271,125,36.22353287359232,17.93
1272,126,38.977478219103524,17.93
1273,125,41.62017853685141,17.93
1274,125,44.14623880660903,17.93
1275,125,46.550582168136536,17.93
1276,126,48.82846017672902,17.93
1277,125,50.975462185924115,17.93
1278,126,52.98752383886233,17.93
1279,126,54.86093465212131,17.93
1280,125,56.592344678208434,17.93
1281,125,58.178770235280396,17.93
1282,126,59.61759869506179,17.93
1283,125,60.90659232235055,17.93
1284,125,62.043891161918,17.93
1285,125,63.0280149710331,17.93
1286,126,63.85786419825241,17.93
1287,125,64.53272001152013,17.93
1288,126,65.05224338100365,17.93
1289,126,65.41647322444808,17.93
1290,125,65.6258236251594,17.93
1291,125,65.68108013501735,17.93
1292,125,65.5833951771657,17.93
1293,125,65.33428256522967,17.93
1294,125,64.93561115805608,17.93
1295,125,64.389597671062,17.93
1296,125,63.698798667302015,17.93
1297,125,62.86610175332208,17.93
1298,125,61.89471600675147,17.93
1299,305,60.788161664390756,17.93
1300,306,59.550259101278186,17.93
1301,305,58.18511713285536,17.93
1302,305,56.697120673901615,17.93
1303,306,55.090917789361654,17.93
1304,305,53.37140617354998,17.93
1305,305,51.5437190954738,17.93
1306,305,49.61321084917229,17.93
1307,305,47.58544174902118,17.93
1308,305,45.4661627108952,17.93
1309,305,43.2612994609147,17.93
1310,305,40.9769364142259,17.93
1311,305,38.619300266875285,17.93
1312,305,36.19474334433531,17.93
1313,306,33.70972675062122,17.93
1314,305,31.170803362207177,17.93
1315,305,28.584600711102247,17.93
1316,306,25.95780380148514,17.93
1317,306,23.2971379042196,17.93
1318,305,20.609351373382076,17.93
1319,306,17.90119852862979,17.93
1320,305,15.179422646822415,17.93
1321,305,12.450739105785246,17.93
1322,305,9.721818722469083,17.93
1323,306,6.999271327021423,17.93
1324,305,4.289629613441597,17.93
1325,305,1.5993333065472883,17.93
1326,134,-1.0652863160625832,17.93
1327,20,-3.698021509501149,17.93
1328,19,-6.292802718225485,17.93
1329,19,-8.843712768806716,17.93
1330,20,-11.345000565241216,17.93
1331,19,-13.791094254686211,17.93
1332,19,-16.176613833064216,17.93
1333,19,-18.496383161609245,17.93
1334,19,-20.74544136712607,17.93
1335,19,-22.919053600494415,17.93
1336,19,-25.0127211297673,17.93
1337,19,-27.02219074608323,17.93
1338,19,-28.943463462530527,17.93
1339,20,-30.772802488061995,17.93
1340,20,-32.506740460556315,17.93
1341,19,-34.1420859251507,17.93
1342,19,-35.67592904602582,17.93
1343,19,-37.10564654189945,17.93
1344,19,-38.42890583757665,17.93
1345,19,-39.64366842600583,17.93
1346,19,-40.74819243739407,17.93
1347,19,-41.74103441403978,17.93
1348,19,-42.621050291636905,17.93
1349,19,-43.38739558988917,17.93
1350,19,-44.03952481733895,17.93
1351,19,-44.57719009735955,17.93
1352,20,-45.00043902427297,17.93
1353,19,-45.309611760537024,17.93
1354,19,-45.505337387887835,17.93
1355,19,-45.58852952722205,17.93
1356,19,-45.56038124385294,17.93
1357,19,-45.42235925657178,17.93
1358,20,-45.17619747068411,17.93
1359,18,-44.823889856868334,17.93
1360,20,-44.36768269931375,17.93
1361,19,-43.810066238136336,17.93
1362,133,-43.153765732536286,17.93
1363,133,-42.40173197255042,17.93
1364,133,-41.55713126856032,17.93
1365,133,-40.62333494894043,17.93
1366,134,-39.60390839736742,17.93
1367,133,-38.50259966235863,17.93
1368,134,-37.32332767256315,17.93
1369,133,-36.07017009218889,17.93
1370,133,-34.74735085171421,17.93
1371,133,-33.35922738969944,17.93
1372,134,-31.910277642081436,17.93
1373,134,-30.405086815801226,17.93
1374,133,-28.84833398398217,17.93
1375,133,-27.244778540139873,17.93
1376,133,-25.59924654906876,17.93
1377,134,-23.916617032110448,17.93
1378,133,-22.201808224468554,17.93
1379,134,-20.45976384209279,17.93
1380,133,-18.695439395412265,17.93
1381,134,-16.913788586856704,17.93
1382,133,-15.119749828664478,17.93
1383,134,-13.31823291693978,17.93
1384,134,-11.514105897291037,17.93
1385,133,-9.712182156658823,17.93
1386,133,-7.917207775128154,17.93
1387,134,-6.13384917061887,17.93
1388,134,-4.366681068361079,17.93
1389,134,-2.6201748259951976,17.93
1390,134,-0.8986871439883931,17.93
1391,125,0.7935508101618712,17.93
1392,125,2.452443836762172,17.93
1393,126,4.074042671980448,17.93
1394,125,5.654553464738715,17.93
1395,126,7.190346739539033,17.93
1396,126,8.677965823862323,17.93
1397,125,10.114134720372409,17.93
1398,125,11.495765405797904,17.93
1399,126,12.819964540045651,17.93
1400,126,14.084039570819732,17.93
1401,126,15.285504220771301,17.93
1402,125,16.42208334598503,17.93
1403,125,17.49171715640961,17.93
1404,125,18.492564790661632,17.93
1405,125,19.423007239464038,17.93
1406,126,20.281649613822506,17.93
1407,125,21.06732275588638,17.93
1408,126,21.77908419228295,17.93
1409,125,22.416218431547424,17.93
1410,125,22.978236609093432,17.93
1411,125,23.464875484974005,17.93
1412,126,23.876095801464505,17.93
1413,126,24.212080009256514,17.93
1414,125,24.47322937277427,17.93
1415,125,24.660160466814297,17.93
1416,126,24.773701078356154,17.93
1417,126,24.81488552899383,17.93
1418,125,24.78494943499083,17.93
1419,306,24.685323923461265,17.93
1420,305,24.51762932462151,17.93
1421,306,24.283668361437524,17.93
1422,306,23.98541885930973,17.93
1423,306,23.625025999684983,17.93
1424,306,23.204794142662145,17.93
1425,305,22.72717824475968,17.93
1426,305,22.194774899039352,17.93
1427,306,21.610313025724526,17.93
1428,306,20.976644242315903,17.93
1429,305,20.29673294298505,17.93
1430,305,19.57364611772006,17.93
1431,306,18.81054294230103,17.93
1432,306,18.010664170700284,17.93
1433,305,17.17732136192583,17.93
1434,306,16.313885973661243,17.93
1435,306,15.423778355296635,17.93
1436,306,14.510456673094646,17.93
1437,306,13.577405800292215,17.93
1438,305,12.62812620490296,17.93
1439,305,11.6661228678575,17.93
1440,306,10.694894263898702,17.93
1441,306,9.7179214373399,17.93
1442,306,8.738657204393235,17.93
1443,306,7.760515513287823,17.93
1444,305,6.786860992822599,17.93
1445,306,5.820998719339026,17.93
1446,305,4.866164231356439,17.93
1447,305,3.9255138202898134,17.93
1448,126,3.0021151247685314,17.93
1449,125,2.098938055098452,17.93
1450,125,1.218846073360221,17.93
1451,125,0.36458785351887735,17.93
1452,19,-0.46121065526544164,17.93
1453,20,-1.256053740182336,17.93
1454,19,-2.0175829905351566,17.93
1455,20,-2.743583898449113,17.93
1456,19,-3.431991976661375,17.93
1457,19,-4.08089837699157,17.93
1458,19,-4.688554994594534,17.93
1459,20,-5.253379044639218,17.93
1460,20,-5.773957099635232,17.93
1461,19,-6.249048577234338,17.93
1462,19,-6.6775886699674105,17.93
1463,19,-7.058690710029904,17.93
1464,19,-7.391647963898412,17.93
1465,19,-7.675934853241667,17.93
1466,19,-7.9112076002763345,17.93
1467,19,-8.097304297408439,17.93
1468,20,-8.23424440268657,17.93
1469,20,-8.32222766427343,17.93
1470,19,-8.361632478808723,17.93
1471,19,-8.35301369018646,17.93
1472,19,-8.297099836898992,17.93
1473,19,-8.194789857702407,17.93
1474,19,-8.0471492669299,17.93
1475,20,-7.855405812318165,17.93
1476,20,-7.6209446297087995,17.93
1477,20,-7.345302910442687,17.93
1478,19,-7.030164098672569,17.93
1479,19,-6.677351637175282,17.93
1480,20,-6.288822281547095,17.93
1481,20,-5.866659003907455,17.93
1482,18,-5.41306350841833,17.93
1483,134,-4.930348382040645,17.93
1484,134,-4.420928904997238,17.93
1485,134,-3.8873145463869245,17.93
1486,134,-3.3321001712964495,17.93
1487,134,-2.7579569865818385,17.93
1488,134,-2.167623253238164,17.93
1489,134,-1.5638947939414938,17.93
1490,134,-0.9496153249305498,17.93
1491,133,-0.3276666418948638,17.93
1492,134,0.2990413100513251,17.93
1493,134,0.9275804519023707,17.93
1494,134,1.555014641156231,17.93
1495,134,2.1784097662747954,17.93
1496,134,2.7948438343501136,17.93
1497,134,3.4014170211443173,17.93
1498,134,3.9952616527860614,17.93
1499,134,4.573552088608892,17.93
